Feature_1;Feature_2;Feature_3;Feature_4;Feature_5;Feature_6;Target
42,47240713;77,04285838;63,91963651;55,91950905;29,36111843;29,35967122;308,6745646
23,48501673;71,97056875;56,0669007;62,48435467;21,23506966;78,19459113;319,6065611
69,94655845;32,74034664;30,90949803;31,00427059;38,25453458;51,4853859;261,1762874
45,91670112;37,47374841;56,71117368;28,36963164;37,52867891;41,9817106;234,3220873
47,36419905;67,11055768;31,98042693;50,8540663;55,54487413;22,78702476;287,7605887
56,45269111;30,23144742;23,90309558;76,93313224;77,93792198;68,50384089;336,5746345
38,27682615;25,86032684;61,05398159;46,40914962;27,32229409;49,71061461;244,9404215
22,06331127;74,55922412;35,5267989;59,75133706;38,70266457;51,20408127;283,2413019
52,80261676;31,09126733;78,17507767;66,5079694;76,36993649;73,68964103;360,8741564
55,87399873;75,3124541;25,30955012;31,75897175;22,71363733;39,51981985;254,57496
43,32063738;36,28094191;69,72425055;41,4051996;36,85607058;52,56176499;269,8551499
28,4554535;68,13181885;24,47303862;79,2132162;66,33468616;31,92294089;285,0044514
20,33132703;68,92768571;62,41144063;63,74043008;66,2762208;24,4426791;290,9061915
41,50794371;26,95214357;71,78620555;57,39788761;39,85388149;23,81350102;272,4384467
38,6589393;39,51099932;63,7763707;58,25344828;73,23276455;48,33289551;315,4727837
27,17565476;62,79468723;65,64710292;53,67663185;66,2580308;49,62773578;340,5171204
51,36396976;45,6524611;21,5251476;26,47348562;21,88575114;58,18462468;219,7274253
38,86135886;50,51424147;74,45398844;34,95753375;44,62297538;65,33306831;291,6695866
33,72788993;24,61879459;37,38508717;29,67327724;75,78185914;68,48722277;258,5088864
58,00422539;72,28763541;68,22032461;31,19420353;73,55353991;52,36053451;367,9785796
68,44640931;73,765478;39,0802085;26,60311547;33,67610975;45,62646732;285,6388066
69,08088596;71,643835;20,41712783;50,64483815;45,04466019;33,32646863;284,6749428
27,19192204;40,25691028;76,57458223;39,39217592;51,1274373;62,18113753;298,3243476
41,81777614;78,30692496;77,7468377;35,10693775;49,83491035;38,05269859;325,8839129
37,09042966;22,21321684;56,57386004;50,16074139;23,08872507;36,71878785;237,019749
74,49595316;34,37371344;28,69369233;49,36716562;79,13902725;34,52331629;315,0778604
60,32813284;65,69717692;34,25825264;63,69298092;42,06698796;57,93834984;320,3841947
58,01178265;52,14648104;25,4173862;70,11814974;39,2468039;31,19111062;262,8712373
22,44650849;55,45357659;60,65386171;20,99526974;50,7255835;33,58974651;239,7298949
58,71036742;30,46198574;61,45626429;43,20412078;76,20379932;28,25125665;300,8905993
40,46398106;26,80841127;75,4816171;72,6403612;35,47649766;59,59904276;300,8323218
69,03333201;53,3120487;51,7790347;34,51113745;25,58616607;73,83294548;298,4831553
74,02508343;57,98608744;40,34178746;40,95257448;63,55734073;73,8266156;354,127368
73,22518546;66,79253275;58,52189877;25,0483979;29,69772285;73,91325131;326,7124655
56,38574358;20,5518231;26,08829257;59,81010615;20,30369503;29,64848309;213,1161135
52,92402736;61,51371186;59,11767557;33,45615857;62,73075328;34,23494525;296,3923185
39,52398189;64,78948431;58,97797394;70,95340463;59,45677354;54,0985162;345,4961274
25,62048607;42,06294818;35,91214206;34,6393786;78,38063329;43,58586348;250,9591202
73,52279331;57,86831756;67,68867821;50,15822559;54,61423308;49,55106163;362,3052935
31,71457927;63,34712692;36,84634175;21,45895799;58,72833775;30,62664076;253,0744778
76,42751506;77,23571462;74,89186341;42,20952202;20,92739699;75,69911376;348,9292472
45,6910489;77,99928914;77,81719863;71,18056733;37,66693352;43,10586372;344,1657926
71,06820029;39,01532031;30,1695648;53,40807575;76,16928645;61,7617878;316,6269428
54,20367021;25,83058963;56,9004336;79,40323101;28,40504091;51,09977914;289,3425052
72,64238432;64,44611707;61,82094446;62,14904504;41,56946907;37,61551066;339,4090909
68,56166933;68,60680368;72,02433911;74,79443315;50,68054393;50,09097768;370,2623147
67,89771074;58,99783585;62,11801264;67,74756017;73,40032051;40,27970941;361,2225512
42,53497716;25,63891639;54,69680846;22,15653643;47,93588109;52,55867808;235,4822239
37,19247513;55,44999563;21,830015;22,24089132;69,35603364;41,61143848;249,7535225
27,62363076;51,3345956;66,19961319;32,94926165;57,37342855;25,1208479;261,294821
23,10090327;51,88127789;52,4381073;58,24579409;63,56548002;78,55112477;320,5653118
50,9780209;39,37738838;67,71117169;36,24993508;46,33828524;24,70738288;267,1303929
21,5210446;77,75890488;70,15880723;61,75845237;44,53717666;30,3976592;300,6652441
29,38622256;35,01457389;52,95359988;62,87575536;59,6118426;36,79603382;273,921477
77,29191684;64,273815;53,26124315;56,70324477;45,17600375;34,86385937;348,3046038
41,35836072;65,47076663;20,86360932;26,96435843;22,76015852;22,44372814;213,2655923
71,32763504;62,21947156;48,45042975;25,87004964;49,49695251;48,40830625;292,7770324
30,39211219;46,03109895;43,91028406;56,95100588;58,10561905;22,71824059;266,4056849
42,47675688;57,55159494;50,18817551;71,38939047;59,5216179;29,77606562;319,0175669
24,23412484;58,54515669;21,59067863;55,14653488;76,41381449;54,52845067;278,9761273
43,29019557;58,59729311;47,49517343;52,73700736;76,48788853;43,16615827;329,9614927
77,67143383;74,32103852;31,74746809;24,16167805;26,04668008;21,09330954;270,4209273
25,66657765;60,9804064;24,27131891;39,13853782;70,69251866;21,39631614;230,9202275
68,86810896;36,91128649;27,08988966;61,80422992;57,73657081;72,64832081;315,8833784
64,10426263;68,20885582;36,92207435;30,64637263;65,0368851;68,41008436;343,5051496
79,43030852;44,75706061;42,32108515;66,58477764;40,44821242;75,84543954;352,101837
71,50476511;45,73964164;65,05226407;65,27257245;26,18743213;74,1531744;353,4246125
50,31514235;69,58744797;39,20297606;73,73139371;43,35210072;20,65025909;300,2452121
74,32291859;25,47720061;39,15881826;77,00371802;77,03642882;54,40627329;351,3123168
57,91023273;46,90673132;37,5926463;39,71987272;60,35110736;65,14247177;294,3583409
67,49474262;67,37708857;25,47236618;49,66521828;23,4535256;52,97173294;296,9078513
46,49183008;73,26225097;41,05490075;27,02402099;28,57950092;65,6906379;293,7990415
57,0930838;26,06736057;25,04640837;62,05814789;24,36578038;69,31160356;261,6484771
62,37453363;24,88092684;25,09026285;79,19837471;42,45624775;42,23852882;275,8041051
68,76797404;76,83491464;79,16006383;65,20269112;42,57557513;25,010043;342,2401867
66,62881496;53,50425498;45,45332055;74,38126311;26,67184894;49,55750626;321,3395564
20,68121869;48,11963852;23,37819654;27,12907498;27,05157481;58,95261813;211,0328961
64,76269276;55,00212591;77,73035291;42,49223477;37,14272518;72,11594769;348,624169
33,41575031;77,79335237;20,72926848;78,1927296;22,58959472;73,46858682;317,4328159
51,66206655;79,57788777;24,42779388;53,23125706;78,15815214;51,38587065;335,1022557
57,76391829;61,74492134;47,27246389;57,65348481;55,05885872;74,06948063;359,2091869
22,72678282;36,85779138;77,02468904;73,41582703;47,33940517;57,20795587;304,3758079
36,64287098;31,28726958;47,8219043;41,20113368;55,01936671;24,66407822;236,401102
78,46368846;79,17264467;61,88970284;52,16578198;38,57165698;68,82770118;377,3476335
61,08387035;29,75701636;74,65563107;69,35223458;76,9879948;63,5431705;377,6329969
56,80491176;45,09458218;75,963709;71,96383337;22,71312021;21,58201847;290,4269057
42,58780201;68,63319985;79,23656776;29,02501347;55,64784292;42,8534514;316,6691514
78,19486387;70,52713539;70,29972228;48,12158959;44,88917014;36,40442432;356,6973773
23,3825298;71,88334258;68,77406055;79,9830604;79,79821022;53,32590234;372,7794635
66,13924491;76,68594379;70,97884344;34,8408861;47,03264812;27,74956491;307,3613603
77,24306164;56,37047807;33,71856833;60,30204106;57,08769443;41,48976308;343,7074456
26,81345553;60,29439174;51,21846205;66,3391035;51,20981007;71,13089002;340,8206537
53,11441033;53,65627829;72,59921616;44,20897197;28,04091371;21,72696058;260,4241241
65,30823534;57,21857308;62,24478609;32,77784969;28,18228854;20,87267994;273,5014907
41,03525353;55,39506121;43,53464271;46,24849532;74,24952167;40,89532802;296,3285548
50,83936935;67,01918076;43,79256694;57,32520201;71,74182252;76,97123742;370,3242512
28,82440886;75,59525751;49,52697758;35,4946633;47,54814537;78,80195452;318,7336484
49,55708564;39,72509662;58,00405126;34,40873713;24,55179969;27,73278331;231,6354756
27,68275034;29,11416161;28,32963036;58,45248469;30,91280506;40,740037;207,3942124
73,80730459;48,43769842;60,05346431;30,33919227;31,53734113;22,45211698;259,7217072
30,13610378;36,71542034;30,62062906;25,32215203;27,23815227;47,64672608;188,5172644
32,3800231;41,85619166;50,20503625;61,42368972;22,35872839;67,96462393;267,870071
57,67402337;24,90554192;72,41471745;75,25234403;23,66467759;36,61265889;289,8521803
68,37207679;64,89558142;31,07126116;32,5609594;42,22832617;49,07137911;281,0419842
57,09528629;42,13481837;47,75208297;64,84825629;22,20099217;35,14621666;275,9981734
62,80097515;73,71241026;50,70064653;51,92680912;26,43032068;46,84474201;327,2883653
51,95703599;34,54823022;36,15459386;42,63704979;21,20427187;39,32474993;220,0253992
32,68688042;39,64984113;27,18572791;73,43163684;55,61554721;60,74613915;291,7098177
67,35027432;49,90653194;25,21521729;52,22639251;55,21046708;64,72636845;319,6321027
45,89957277;27,65481817;37,02655435;41,78493778;58,75503448;54,24669828;270,0876385
41,36580355;79,19091493;56,34648916;34,2336075;26,10694836;29,17154835;267,1748645
34,7574637;29,6408824;31,19402144;37,10571012;30,40241572;73,80592548;244,333243
24,81402474;51,47068337;44,62380962;78,94271701;26,72233413;43,87133594;275,2673943
78,168226;71,93042755;69,02432426;35,47416962;30,25325524;60,1185932;332,5923716
75,76255935;53,40577358;54,29676137;36,79874562;66,16957599;31,22262491;326,3476015
39,42075418;45,52618632;50,45662272;34,54458394;26,89020948;56,63720255;262,3484676
37,31783319;54,87429329;29,26176292;48,86840611;51,95536595;23,10941221;237,7542126
40,19625669;28,06488062;23,80249823;79,39761394;39,3412307;68,59246675;279,7743253
35,27843929;60,89016333;65,61367159;55,73832444;48,29457131;44,71045485;317,3589147
40,93209599;75,77174865;69,83716447;77,90161464;27,45783341;63,85204851;353,6593675
76,30042741;30,87398397;23,98977604;64,46723896;54,46838679;70,50972661;331,3393203
28,3863426;67,71603871;32,0976392;29,81935657;29,85594788;68,87448321;280,3885331
59,91183324;51,38392549;41,52982905;72,63203245;43,54670645;68,99596637;330,1404327
46,34809451;42,61666577;47,76078714;38,08267245;64,85656281;50,16322341;276,0175601
33,93276171;73,9744744;43,03347328;52,61317167;74,38832666;57,45427975;338,4346734
27,01388244;76,38992742;57,66248318;40,09433688;28,35632436;67,64151136;304,3740907
57,20436536;52,00766552;73,63355498;67,31583267;29,10049278;38,70332407;315,6565716
34,90934839;64,63677755;22,01194608;54,19338109;65,74752114;72,60593821;328,6375191
40,52490492;69,27543828;26,63790422;70,7871375;27,64931974;43,83723743;265,3258841
67,83772195;28,99504564;33,75508371;63,3351541;63,20219219;58,46885797;322,5232418
61,63690667;52,5634666;35,10794353;40,74175961;30,89586301;74,50703368;289,3943649
55,00350769;44,05108501;47,72034822;76,83700038;29,20108419;55,17378992;325,1805945
50,35332073;56,68725413;21,08661103;72,32743454;75,92709695;53,90799102;350,2148619
61,79904943;75,34996287;62,43431806;29,15234257;54,57730161;56,40290278;332,0493115
45,44784028;64,18665414;76,06202089;75,53411077;47,05036228;26,79428275;329,5796998
79,09047194;70,33388519;27,47976087;75,25051296;72,19378172;51,13028343;384,074575
55,47652614;43,94016223;23,28569833;40,1118345;68,17120692;20,27792138;247,392043
40,0099503;43,89012162;52,24373618;75,19133698;40,78075966;40,81719211;292,4789847
64,25007489;47,13307645;33,47628938;47,14637097;28,45142122;30,58321919;251,2943363
49,90206636;45,13552697;74,89075406;41,74363395;54,83530102;57,93585728;305,2464081
20,7856674;59,81224232;30,68215801;77,66421905;28,91976367;44,87744742;262,6031204
25,12098008;79,81245511;50,13170062;55,72310104;24,02458864;64,99762822;292,913176
32,59433559;73,88325737;32,30837843;31,44126324;22,19298007;48,32401671;235,8130032
53,890468;23,94251837;66,531657;47,19733008;51,46341616;46,44576482;303,9074745
44,04578365;53,57841988;29,31441476;30,91568783;71,70713726;76,76692773;293,7633022
42,39855898;36,24468039;58,63997259;44,52405027;21,52318134;29,36915584;240,8316513
62,95833373;59,53543651;21,62575955;33,31832972;33,8644878;60,31356462;268,8262826
21,18263227;26,24651492;67,99496512;30,71267972;59,16476647;34,29096686;236,7949237
25,96648357;34,59033146;63,33601591;71,34178809;69,81319187;43,83101178;316,7825416
60,08510819;32,29905772;37,58886382;73,78014911;20,78011541;25,13051185;253,0643191
32,47317531;21,59193223;30,88612611;54,98249366;45,28547304;73,56030266;264,485633
69,0466137;40,5090411;35,56540601;42,78154449;55,41769655;36,08381845;289,0859669
57,44893447;44,56469913;53,12283085;46,16759175;37,66794557;76,90719842;312,5661164
65,81634765;28,40679055;72,10807855;49,24587189;73,67313361;67,99131536;351,1191703
45,51281027;21,3481585;36,12064156;52,49805288;58,00869319;35,47326113;238,1101123
28,36136444;70,09581421;79,06413084;51,54141094;30,30075715;36,33843959;287,4478119
21,10344059;74,85792839;27,06506497;54,59098853;36,44331324;53,25068015;296,8023601
59,0852233;69,78450822;32,38527631;20,65974972;28,2131378;74,00111851;296,5758097
72,43340465;55,84478613;56,03101163;59,90220047;30,52227672;74,86471676;336,0876527
45,12623149;42,98831169;51,13506232;22,81795801;29,97700213;64,28201699;243,1020031
24,96792008;56,18912657;34,72094658;43,35773684;37,32162421;41,34036299;242,7163779
63,14275431;37,82730294;53,98427842;48,56302413;59,82026992;76,20978436;345,0200621
63,95432583;32,89642272;21,8709881;35,73584266;55,70467584;23,08554881;238,7366423
49,78197483;55,81057094;40,05463345;66,25473222;26,39589519;24,5082669;260,2565156
63,69132537;49,72947897;61,30414379;46,08964032;34,78412199;69,14613906;323,4903069
67,96495274;61,68178825;36,32870823;55,41384001;41,65843382;25,4949244;291,8214427
75,03881453;28,20911786;77,01424123;46,76034638;31,10797573;52,51405684;311,5034826
72,37675015;63,93349318;68,39366887;59,527002;61,53659387;70,95173909;374,5262434
34,98008053;49,36549782;33,27256651;79,26008048;76,64356038;22,36560868;293,5893981
62,33451035;75,51489904;30,83452071;54,07671383;74,92929786;22,03675872;311,2126362
61,84521603;37,84094044;75,46377172;78,26349471;76,65598935;48,452853;380,2743794
71,72255906;70,67296391;39,14602839;69,73492845;22,22045808;55,77619271;359,1257206
33,80053024;27,23401315;24,6171921;61,77732655;40,39249783;63,48600629;254,9823828
23,92138045;38,91742027;52,36947754;67,44338989;39,12515018;57,55348259;276,1950041
73,15866489;56,95179129;33,97756849;21,46404689;72,20593243;21,27616465;288,2521837
72,48210036;51,73622804;76,34406191;67,92699415;79,87604663;41,04270893;394,2350189
66,03129734;44,11585482;48,79253722;57,65032779;72,42062685;79,04500815;372,2565971
66,09640483;45,06600693;45,28142014;64,2549381;34,32662875;26,62844679;287,7223515
41,27732946;37,2343395;37,77848723;34,01646506;22,52559138;21,07243608;214,4700844
79,26334338;45,66638802;43,05959883;60,77883696;33,09523327;76,99767104;327,5521872
67,18070086;25,36466014;45,05484655;72,74709845;76,68392134;48,04409067;339,8116388
56,80468335;30,02203677;79,47011757;33,90030208;76,56390645;58,97879894;326,4760339
56,46420769;50,76131066;33,8401887;30,59168192;33,22917254;31,18629573;241,6279837
66,77506841;41,00751555;23,47056059;78,14615781;73,0271531;75,66513699;348,9047273
79,69446936;30,43371495;43,77452113;65,49430854;61,76123708;29,23375438;306,2183373
68,9499875;33,46643431;33,42905689;52,21846537;55,57639609;54,80517247;295,4946135
25,48921024;72,64765176;35,93600256;27,77089528;73,32488479;77,33908989;322,2659017
71,72765704;68,57096448;59,31451884;53,05144224;25,21920559;44,50719278;331,5755254
42,36131102;35,58522703;63,40520682;49,7525441;24,86277295;33,21099212;236,7208803
60,99552582;24,56785157;71,07241484;49,70879162;48,83519464;55,54446708;311,2735867
69,48085796;40,86855247;60,68096915;53,94391784;36,02169621;72,71779918;326,6179943
67,8455613;59,50711008;71,03490375;72,03765206;62,5017786;70,2207997;390,5627564
61,8482877;60,80844631;57,11668269;65,16299837;29,51630632;72,85224555;345,1347964
72,31061166;21,75483698;69,54900503;27,73219205;40,10713126;64,61049538;292,9794445
29,64559376;69,07802145;69,92805068;50,44806403;20,3831523;37,22228799;300,9723351
57,0156151;78,87117068;57,90881162;35,58821486;58,04034219;52,39912278;344,1528755
66,79072371;26,41883833;65,66167415;52,47599472;77,77952023;40,51232996;315,8629061
57,95731359;75,92168633;26,15058368;76,23370923;61,27314334;24,07022355;315,9589197
38,05781402;62,49032532;24,04103609;54,93022761;40,75298342;57,25493107;287,7411505
22,74452203;72,29220837;78,40933815;78,13267132;64,9791099;27,80517441;365,2474519
65,49579176;21,47521499;21,32741309;39,41661315;49,31859142;66,22444507;247,3982364
60,9977226;46,75416238;36,41759998;79,82747001;45,57087813;47,08322146;297,8518107
29,81742927;67,68857292;61,62093355;33,24617677;24,94286274;60,82995812;296,8555851
59,27067286;36,39557162;77,05181374;29,06347351;45,94008806;76,61695521;328,2347168
45,18363902;58,31155686;43,85566388;36,45291214;79,03865888;44,56004038;298,7195438
73,64595222;33,79727635;32,78628224;21,86804497;59,10000952;42,11158062;268,6554368
71,86149499;48,3925944;78,09160567;31,13153094;72,11739008;66,59581117;341,8329499
66,25531068;70,68699369;65,66143946;57,5732193;27,87469266;21,95157077;310,0369816
75,25087087;56,99901887;67,79223746;48,89134109;27,03849134;27,51114753;306,7613189
61,13391723;45,81835369;32,0314836;49,4956728;23,85253622;54,91828411;276,4929491
36,13960427;67,85354604;38,62171754;47,31320894;20,69723239;24,34681327;224,8331629
43,54961338;48,79633008;56,00123289;37,49975472;61,69891317;71,60734383;320,0100597
66,79105933;22,37712952;48,83041684;26,29581071;34,52270095;79,1997556;268,7626267
28,54973257;49,93328921;57,08934406;62,14789823;53,57892101;20,58625085;274,4392735
39,58767849;51,0626986;25,27198995;41,03761587;21,99218653;24,71470983;194,7134161
43,81539657;27,96294524;54,0524509;61,36789815;68,03520195;32,00901465;283,1618991
30,04895494;26,27407042;58,18581497;62,38854359;21,89516869;76,17273477;265,0071334
23,11827702;52,47778012;62,54363117;72,25814742;62,84521593;68,10368498;347,8580991
40,36701155;68,88950682;24,80689078;73,68899936;52,85554257;69,0378662;338,2303285
47,13909707;58,61466171;51,58415966;63,89537131;24,89779892;23,62112504;267,406008
34,82619404;29,57268081;72,307014;33,15283924;78,55191535;40,21374751;289,0067709
30,92707494;67,38191043;59,52246653;49,89174299;53,32181306;63,1521067;309,7112005
33,70728448;79,78003496;78,48758973;59,01954118;31,97254706;60,81369455;340,7839255
24,33190454;21,83915013;35,46097331;47,7573774;72,09635032;63,63014419;264,6138537
64,56239127;45,52960007;40,75609955;42,26232578;79,25897382;22,40655148;320,9838729
72,02188977;54,72052451;46,31692515;63,51545962;49,20013649;72,40539428;347,0606596
74,04211184;45,30325561;36,60966783;55,54101972;74,74180074;32,63973134;333,5193595
57,37799501;57,89361321;63,98678134;27,89406111;62,94949788;74,54195124;354,6124875
30,78098653;34,2525995;78,28370564;30,85861716;71,2631056;49,53667139;297,7820499
34,83386446;72,24499408;46,7183153;50,88904124;41,55400216;55,57705109;319,4034732
29,81143236;43,4648922;78,16473934;35,48800596;59,40419987;39,51140385;289,5657283
66,40838754;27,85241964;78,1892627;47,22737248;34,1630278;24,40980484;282,141867
30,18547431;51,18643691;40,22019059;69,73300195;45,85325142;34,92285636;271,570005
57,0286992;62,40663301;30,02251447;30,05715298;22,20028562;64,1841209;278,135095
59,82827166;48,47785254;70,65022694;68,34020918;55,12126186;72,09627683;385,4787914
32,3504726;26,71517716;36,18497669;23,42521137;51,87017168;76,19634154;240,4855782
22,36061244;27,32659484;47,1319417;76,03250105;38,9693663;50,43408852;249,0626329
22,49437154;28,90059206;79,19780738;77,90712179;20,29639886;77,10870713;303,8751924
58,34719627;72,07509767;47,28439134;50,93576171;49,33079482;60,01185545;329,9847116
28,37907529;21,79841539;38,4757965;62,28084576;32,11120713;60,405946;242,8160403
78,19472277;25,63404295;60,35612709;46,62501316;72,08853526;30,62898737;325,9018099
61,55755713;70,28691738;76,67685317;60,9948817;49,83048584;57,07083441;371,8445131
72,13429907;54,2365848;21,82322358;75,85692173;61,37160506;60,59080315;345,5852036
32,94050914;59,53312821;43,63186434;59,07397862;26,39558182;59,47071828;281,6260078
79,96482355;22,89272233;78,63045105;44,41447764;72,24520702;66,94312904;373,5751195
54,02097566;64,30695256;72,71093368;44,2484193;39,62198969;60,05560313;312,4959807
68,47075652;65,73710809;67,86881893;46,13499889;69,07005297;27,21254332;338,4272758
52,66934588;20,34551963;39,47514979;41,98769209;43,7703615;61,7280324;262,0889382
43,31348608;46,92161736;34,25264785;42,3951075;33,63617764;24,39175543;236,9115814
56,2069156;60,09276791;57,16942076;47,80964263;42,78714681;71,80001897;330,9468882
51,14490711;48,75091266;21,53852395;40,47486966;42,81173713;43,92936685;229,8847903
54,81034215;52,0161528;56,47430557;65,89299569;68,77914432;63,08738457;367,2574396
77,33142176;21,09395496;31,74667914;20,4537725;58,84848285;73,88183294;277,0025203
34,60893779;75,62207269;23,61604342;76,06616161;41,09736123;26,08524971;265,1991599
49,15230555;35,40659406;37,09237412;38,4373979;68,18155387;52,3496766;274,3764482
38,67846195;56,620027;62,96904045;36,35744004;44,81294609;27,3131656;264,9058276
30,86896097;60,86707124;30,88630086;51,50980302;62,5427757;26,41261539;257,0400805
54,03873318;35,39376702;77,77561251;49,0127388;68,35955299;53,01359253;315,5383365
22,60475197;57,98908254;77,08420053;56,09670921;69,15133157;73,0523878;364,9491256
33,68478632;32,72269039;56,65885933;44,66170819;70,39167817;74,0013874;324,8698602
41,20528276;34,21223354;66,83153091;36,48836213;69,35685911;45,42429522;300,0337836
60,05299396;25,73211883;57,43155948;47,10606072;55,19650779;30,08085246;264,2232365
64,2124247;71,76782465;33,00438801;25,74287333;21,41831516;58,51829003;272,6492005
56,42564217;52,80184476;33,91682577;43,45435975;55,66858011;49,80601153;292,0080509
79,26713121;28,18638515;61,70867324;44,25912609;45,6919769;63,05586594;328,1571024
61,54616908;79,47535962;27,70365737;26,24657896;63,46032903;54,70321502;319,818714
36,44963999;24,76516214;25,13949498;73,65145248;31,51203948;39,40229373;223,5783448
33,59938413;41,29977835;24,16543056;51,14358745;24,05675382;68,02139047;243,1062804
34,02272491;52,40071488;72,80474525;59,05264214;51,97746719;39,46002519;314,2911236
39,98011478;60,16921731;79,64836167;59,71035139;53,46700504;63,83903061;371,372304
47,91233674;23,60854056;53,73780895;77,45751707;30,51817654;61,40029345;301,6797387
32,05602132;52,14966107;25,80058698;47,02225618;65,36979973;40,85429145;271,1431836
59,89470347;67,72699765;75,63066917;34,07852491;43,95895495;29,1449608;311,2730772
79,54901013;75,62005808;52,39742782;70,52199766;51,25747864;57,41514128;400,8657051
25,34746593;65,31622523;27,66280902;69,56405782;66,92168526;62,52468186;321,4345531
22,16962283;38,18770136;35,78675419;41,60818445;25,25856481;76,21746938;230,6174179
53,22813444;38,33145864;43,81889102;46,83215243;56,03566;50,94076566;303,2207619
75,16351839;49,81780897;79,52948089;71,08549746;32,51063086;75,83571288;390,9216822
26,98198387;69,04698251;42,83739761;72,67845923;72,08340141;68,35552401;347,5533084
67,40182618;38,28074835;24,85515698;44,17881073;30,4114709;61,69706533;262,0301488
40,76598359;78,53661205;58,45832464;69,34883382;27,95148036;71,72086894;349,7478589
75,36543143;49,22371513;56,37517627;65,88858805;30,49031764;50,15396459;332,1290411
43,91978167;28,78243953;42,05206534;24,09033856;21,54871442;28,10997735;190,4762395
77,7869067;52,97177215;77,94932967;45,9498727;38,70896799;50,36851177;346,8484477
46,37070132;26,33988106;58,44957888;32,96229095;57,17527729;59,01206554;297,3093688
29,12149119;23,68097763;66,84569516;47,58802543;23,48982773;79,69197903;281,1334277
23,46683366;61,70211373;79,02073552;34,35080625;28,53496212;27,28309637;256,2649036
38,19650885;26,06274866;61,5296805;23,73750789;50,56532769;79,80181123;289,3066906
68,83821617;56,91316629;38,37521725;57,43375018;51,62248783;45,56500303;308,4226017
27,8426226;73,19625291;46,98707893;31,67735071;42,06556105;44,84778515;270,5959219
69,65227373;64,01686283;66,15829362;20,66187587;44,96923989;48,8806491;332,4322585
21,15153661;35,58879252;65,61738939;28,22658234;52,11860789;32,91211232;233,4345621
20,72724648;34,47208746;78,55242529;68,09222671;77,57459866;49,27124264;320,213488
26,58417192;52,87756934;47,26264007;70,66142496;25,88495485;49,29446822;266,0443405
29,00291988;39,48055561;64,24142464;48,56108776;42,55329711;43,66857671;256,6115313
47,5668061;67,10099263;73,52508134;77,32008119;67,21420318;38,92441374;363,8039591
61,28808237;46,25618744;35,28023732;70,45229477;22,30558094;74,10571953;305,9830214
47,68864788;58,23208861;59,56123533;73,70706444;58,20018093;56,83601509;340,1695621
23,99912243;51,10448132;29,01014005;64,24602612;50,73331525;60,81366675;280,0629353
22,50037404;25,08752096;62,97940328;24,32506016;24,27540367;20,72650851;188,9170424
77,3900839;64,25050157;41,19508451;37,79213488;40,98219378;66,47921187;319,0116487
59,68223666;31,11173407;30,44656012;25,90373898;59,61816318;65,86235973;287,817632
35,9027857;21,25669766;24,93030005;78,07160209;37,72668665;66,15338887;269,1493819
57,47981413;42,91637838;32,34123573;27,28318509;56,90077808;66,47802684;293,7052241
58,63425521;51,81812799;22,51707341;78,10932666;67,9228515;37,5693222;309,9926114
78,79821976;56,11289538;54,94535949;64,88439077;68,70618729;59,38871644;391,3810214
27,68574478;40,29605036;75,68501842;33,47693671;42,33002143;45,92461298;254,4790457
46,36429938;56,77637495;76,58455026;34,44156271;27,29008258;31,84822939;282,2075743
73,21549401;58,74864876;37,15440735;68,95681634;71,68219978;70,79086032;382,26682
75,13559202;35,13446121;65,30251572;47,63236984;70,51991317;63,70944063;362,9668048
66,58684679;59,36971026;30,64572617;52,70161513;79,08018437;76,24328399;352,8714207
22,59042415;29,88888894;27,90372641;63,5587946;69,06711979;32,81068198;236,8689374
50,35116158;70,44218168;63,96809269;52,53423233;55,42086143;50,50163281;349,1904447
37,85290708;53,90131957;61,33311812;72,39937495;58,17748124;65,66729222;339,8480131
29,6042981;47,69344847;20,55989719;34,80073187;63,58770291;79,50859708;280,3867385
25,95068598;44,08965895;68,00425812;32,24213808;53,30509696;63,98427776;273,9047378
56,95912702;31,28148408;41,32307412;67,02750707;53,25359085;20,31377681;278,6403021
65,6594456;22,1186813;64,74402696;32,14883361;77,48440881;42,07644508;291,9066082
39,61589698;28,93328302;38,33625293;72,59904571;79,78006026;42,09857183;306,8861101
46,91663786;63,32425629;73,17174683;55,58266005;43,49154189;44,75731045;333,5004627
61,73708879;20,19309582;57,17536025;41,32958063;67,65183988;25,57943839;266,6986856
55,29213602;48,85837339;58,53953155;23,89121567;54,79902725;53,68907528;300,8896248
53,63960566;56,20926;60,58807623;68,29933998;36,18924321;69,50296461;347,0329123
49,89534094;24,62349675;23,51305575;40,05429912;67,09381863;62,46085608;262,2524487
67,31689788;51,03614339;46,41193988;28,8471516;39,69156522;46,04116197;269,2593131
25,31602578;33,23671716;55,89351764;64,13978685;79,90085068;75,98679988;314,8474411
58,55391197;45,2748832;58,17064188;67,13909708;27,10017146;44,59429338;304,3294994
70,38813714;43,02997712;54,31233627;55,26616165;31,06857519;41,7341265;280,1512862
40,07067732;21,57180251;21,45150583;69,90182262;36,3842486;51,08472597;241,4182249
37,92353442;76,44075471;35,55780553;45,77940876;72,36381503;70,51601401;335,9468503
31,16608507;68,15859859;47,4912132;48,97813233;28,00879834;24,83609083;255,4303461
63,67635842;49,78766914;46,21104216;63,77049372;65,93077394;29,53449006;315,8903724
56,61350897;28,12124494;65,08250516;59,41730938;77,39687727;24,13748098;307,4744488
23,42328327;36,93122448;35,70234102;34,81872794;74,37527483;34,97277199;247,5423306
36,31698357;65,56389575;46,98439055;66,60263342;23,92196945;49,25427162;291,9947246
22,01681601;23,75919221;74,3862472;28,35472227;51,94524094;44,66573616;248,2895144
40,84059958;73,99000074;21,30940381;59,82738117;77,80366605;53,61009101;332,0738183
76,20934772;23,13547276;45,12759914;35,60946746;63,8492579;78,87782543;307,4532492
35,39180375;59,25047609;31,88585797;53,91981527;47,8359492;78,32031978;314,1721089
56,51163636;40,97038233;26,84574709;29,07480972;33,5190158;35,05799968;228,1042789
71,03696347;53,6733673;51,40345468;26,88613231;71,6083816;63,36885819;327,8103263
24,06010171;62,47010583;52,61229304;24,90352074;47,49803849;49,08177723;258,1850323
29,94647241;76,74188882;70,99852229;60,14134024;47,73773366;44,7059325;329,878817
59,05840803;52,72591216;23,73638635;50,75015893;68,38421703;47,55439266;300,8645073
23,11739465;67,17669196;32,08182693;35,51725009;29,88238121;39,81290389;230,9270484
65,40509034;51,16315157;32,29287645;72,66980469;72,7749113;72,2347055;380,8542077
34,32777268;47,07436065;79,09937937;66,32074858;21,63004527;23,91227548;283,1822493
47,83588261;74,55321235;52,32210788;49,86875048;26,328422;59,40680628;297,1929897
69,32618964;42,82520045;66,53671106;77,86859923;32,22598755;51,39977787;346,4031657
37,22827749;67,57126514;54,65560195;58,07494505;67,87484958;43,75822836;342,4525008
74,9054041;51,98173203;29,47728937;61,75394709;67,59568103;39,00570062;328,5878395
71,43075542;74,36859529;36,61426924;79,01128836;28,44269168;32,1209401;332,8983444
31,05349035;73,6393826;59,25755314;29,12625699;46,4194051;56,9178815;316,5366742
25,0078451;72,9449821;68,21621213;50,31240641;78,02759692;45,06565876;349,8117969
79,04661914;60,07519993;58,0802764;29,95729372;72,9156655;45,64938128;348,2175219
29,73400435;20,7564512;53,58534102;51,64397733;63,16121734;73,41548318;302,7473592
24,76439508;63,88978942;31,24471665;71,49062319;69,14381083;52,4476253;314,4298388
62,61456792;38,86100679;48,27007394;69,29821386;47,55591183;41,46789592;308,3067007
49,65274684;69,69495515;40,11248284;30,42569559;62,72084122;69,55869276;318,651272
26,03824871;34,39244677;28,51831939;40,87648469;47,02105873;64,92958022;257,4102721
59,06885509;57,25571405;41,1424968;70,48685319;48,27723004;78,74629628;346,7931588
58,0485283;27,57588449;60,57065372;39,50624093;61,1796318;24,17846889;286,3830854
30,49288623;71,34423553;33,63077342;70,22246751;36,75656531;58,5729146;306,0184838
61,64903441;50,75928519;38,3186406;32,75866258;21,99136127;38,23678407;229,7207064
59,18976743;76,29828911;72,27226894;65,96388659;67,3068406;59,89909421;404,6066398
35,61721145;74,43170184;60,24393871;53,62643786;26,65936815;46,82333263;276,4017256
47,62149627;71,87381657;52,79889321;42,82403294;78,60801971;26,6432356;326,6245745
45,3529057;22,52148051;64,39424725;75,08459313;36,80223977;71,50050061;324,5082818
37,53309383;74,6462097;65,23771422;68,29440661;21,08039334;77,76862142;338,6368796
63,60025952;38,28506572;69,76367989;36,8912719;72,36523037;26,75482342;308,8958078
62,22115865;52,4419086;25,79206821;34,5136297;20,74424218;48,12607793;263,3806596
38,07591565;55,90144906;37,83426846;37,99514669;64,59159192;22,88857016;252,2294749
74,17369971;71,13583246;60,06828099;55,59329421;73,53814989;31,11981077;355,0399922
24,73814973;34,37061019;67,67469672;22,080216;54,96841011;79,72625097;298,3749678
71,34176563;51,28674134;23,81845456;69,88241086;55,93871049;26,89597982;318,7899346
25,63143709;74,57760917;60,15201578;69,75720796;72,73873402;54,30634112;357,2003018
51,04678111;45,82564462;39,01679527;46,07575765;66,43277934;56,11540586;314,6277942
73,5513974;46,60280086;56,42537472;57,87845319;55,50182974;62,15802639;365,5326414
34,2460081;50,74182665;26,25348817;43,07067966;49,26002412;59,13345557;255,2806399
77,03186316;56,03906399;64,61563497;50,37596357;58,04624188;24,25593297;325,5116422
35,26349485;41,71118559;48,3496013;22,73892473;28,40144585;36,60885847;225,3822559
78,29196145;39,88082043;48,92246349;31,76586276;56,64680426;36,84099293;309,1990481
32,41955471;50,99435771;20,33034795;20,45984196;33,14412855;22,20328175;185,1803212
26,48154525;40,33163896;68,15514077;54,3229186;50,76006356;37,60932939;268,862493
75,90522317;43,82090247;25,22556601;57,02399097;26,83030361;40,71338857;289,3899859
50,44471632;72,45335148;49,61279482;62,13552596;79,56901034;27,88934719;336,7950371
36,48389153;43,67456454;45,30969071;44,66126452;74,45666015;62,84195867;304,0766523
56,47431285;38,56236307;69,42742305;77,30363069;69,27189695;20,09390631;334,5569113
58,18408221;23,06812289;35,45643322;23,57148202;56,22772718;61,19539481;273,2448465
26,86925828;43,03033298;47,37419054;42,14318131;27,26150003;45,13686741;240,3550903
65,07068287;24,26045987;24,81080084;41,28627751;76,5035427;60,1143588;296,1947776
60,7201974;41,71519945;55,61964747;20,60787104;58,16576278;74,79721685;316,2587803
56,7544081;72,42191561;63,43838333;27,23350498;74,14719844;23,98663066;318,4171878
52,03804835;28,52822743;20,70239664;45,32205561;37,70244246;49,16002963;239,0345953
54,6319932;22,62434434;27,38019771;53,51854379;40,59004119;63,75040925;237,1999287
59,13749892;70,73626178;61,5495696;45,79586464;60,37799734;36,52287046;331,1539881
38,37880993;67,3391096;46,78517098;67,90282043;69,34534242;71,45374026;363,618213
74,99811415;45,85911323;39,1320091;54,9319248;42,27034541;56,06445001;301,7458159
62,33515176;61,30430111;42,47317322;30,0116121;45,83176031;28,55564864;274,3748803
73,40582211;40,75264764;29,26758483;21,52686559;58,74934318;58,21413905;279,8716902
40,43624999;24,30271333;44,57773369;38,6730497;60,62723838;56,34675497;282,5184971
41,87562369;33,07355326;79,28215797;47,24009727;61,29645415;28,43317805;306,9312616
49,13538198;21,65220319;50,32730707;77,84104443;43,05240278;22,33976075;259,6900445
21,85734746;43,2792056;29,60149619;21,40112578;65,37281684;47,51138053;227,5149953
37,35468632;74,00499098;26,96833761;77,35512974;38,83800304;73,30422034;327,0858924
56,17657259;69,60244158;79,04078979;37,30432627;77,66812912;43,36891369;358,6445783
43,13071428;40,42322626;52,48445644;29,24870259;53,22268912;52,50228874;272,9623273
65,71410876;70,01899772;46,42648102;38,13999496;35,56009384;31,6774302;279,9542858
23,45885493;40,54687873;36,21486153;77,98504315;53,46252958;40,83662234;261,1986369
54,82805606;28,35180208;46,64262495;57,57405929;49,33386991;44,10672804;287,0642526
79,63090333;72,81888573;57,40435749;54,16264167;57,23962879;32,07872647;359,6304393
43,7082646;22,36757197;48,53276225;52,58147504;33,66498417;77,84173083;270,6536313
74,56727666;63,32859413;52,00319773;72,19814958;27,83914063;67,43058766;366,3205007
27,48924884;67,65263975;36,5460541;72,62543486;76,64252563;28,92775816;303,567884
47,7605363;78,85924269;49,00444616;71,81285135;55,32389133;42,51979448;347,8124147
37,14701333;32,19338547;65,70789148;43,19243041;50,67652773;49,5395288;286,6602173
54,63674175;71,93462874;78,84436062;44,45505251;69,65113533;65,87166768;385,057461
54,41173709;77,36282862;32,02847093;26,55585262;71,23771802;46,348989;312,4930054
70,81813125;73,58541231;23,74745562;73,00788578;46,89914332;50,62594934;333,5196812
57,59555067;75,5829564;21,14696567;48,6106081;61,26332255;63,36241746;325,597155
61,55194589;28,06610776;37,9637353;41,52293153;68,26623246;36,72559234;272,037951
32,64229783;77,44688114;20,53179711;79,86925134;60,60927793;69,70815797;333,3418799
37,67716378;20,85891666;64,27217111;70,04867582;64,42856792;28,57101724;284,0887709
65,20567534;66,13536693;59,51243094;65,96695597;70,75528638;56,81624685;368,9057794
25,31628284;49,25766858;24,65896008;44,45258186;44,42638935;23,96059065;207,1609359
40,92923204;26,65988593;68,4941126;76,86128156;24,33898852;77,30691244;311,7416581
51,35459596;37,97394068;24,61172452;50,03745608;67,67093267;62,42518864;291,512041
23,01356069;24,37411012;44,17239696;37,71742964;33,94305938;36,86026993;197,6658523
68,2089646;75,75368322;44,30616167;74,36666013;39,28974207;48,58621918;349,8937889
33,56173987;58,42856253;78,73886691;56,20958576;41,46884505;58,86904676;332,0710621
27,37524071;73,31954482;50,18503705;46,96098452;55,15188731;57,48703177;319,2248969
24,30654837;60,95703327;34,51590082;62,83715795;69,35208766;68,23751045;313,7085863
53,15005804;51,21019354;28,57255768;66,52076902;36,28456283;49,80172537;273,5078579
37,05644558;28,02970178;57,77346181;23,25992209;64,91871405;39,05520772;239,6730089
20,00808158;50,66774835;22,81111451;36,57017347;62,41858925;23,7613773;211,3650552
70,36030954;20,22919536;34,80943215;64,45424337;38,97620898;26,11354328;251,4237195
41,61403513;36,22359718;70,56271413;38,80087506;67,33594831;73,51232869;320,3495378
46,02904517;74,59658863;42,63908324;77,84470499;25,35737147;61,22115599;314,7267829
49,62884243;43,25892833;57,96271272;62,2314255;20,26179618;30,01718532;258,7996822
62,78276304;59,98312481;77,96285031;65,66226742;77,04636246;62,15243009;407,4040643
37,88313252;26,32189534;66,9094318;58,64895329;22,89116074;41,60302795;260,2078963
77,40798893;50,02406874;45,96374816;47,46197631;32,53296344;42,12243025;289,9389453
42,18879536;23,14130121;66,05405771;44,99026591;69,33079321;71,02088007;312,5961153
32,71964328;59,44120893;48,33690825;72,80940428;32,94444075;60,66879202;297,6534144
56,46512734;37,71808865;28,19605422;59,09838563;64,31584749;38,93764063;284,4167522
58,68995624;43,70785446;62,792413;31,95291649;73,41290016;37,24457579;299,3163298
42,06715927;23,48551712;26,69073274;50,95171416;36,0555606;70,12881354;255,1107756
20,88160332;42,74564292;40,24073281;21,15965786;27,46210394;44,8185605;179,4496364
49,57187507;44,25738484;51,8562607;55,70790049;20,59542927;47,84570957;266,2382632
77,80995445;51,14193681;60,65253605;38,71183148;66,43948269;66,37528891;364,1421038
51,27776286;78,5608294;27,53301289;21,01685989;66,20949271;68,42933224;314,8656351
27,21243375;35,93496998;21,0531418;37,59851665;66,38851244;51,07763166;266,1955429
40,88573559;42,30435769;20,08121754;37,98803165;58,7875245;78,45166663;281,9965339
70,82364962;21,41569788;73,91363628;66,9919048;66,82256741;47,47974554;337,4066556
43,88031758;38,17494373;23,94169154;33,69412181;34,7962181;49,04462418;222,5772745
64,8466644;48,4285897;23,47066697;77,46738806;76,56345915;67,11137259;340,1256775
79,47967409;52,66893997;77,76610102;24,53630244;41,9408449;33,52287608;309,108741
31,74998505;28,44817693;57,34481849;66,87931134;54,69790397;28,81776258;259,6073978
68,6674262;58,15728243;43,28994237;60,44781773;35,59429875;40,71153251;316,0222027
75,04915059;37,43027034;48,19929609;73,40846824;62,46328102;23,73219357;314,7872571
28,83818266;20,47049545;57,85530741;46,86040552;28,05649105;77,47604726;258,3892702
51,77958344;34,51359765;50,03621427;60,77721996;24,57435308;36,4822289;251,8076189
68,41792945;47,57989222;52,79462852;45,96896013;22,63399656;29,94498679;284,7289072
46,73249832;32,55112792;22,99874172;70,61897984;78,87155175;67,58857244;316,1490443
71,2270953;34,51862782;77,63761853;31,81554227;77,08578862;79,68915764;390,2994006
62,70336834;78,86862391;54,17238677;35,57250699;46,21975314;55,61365612;341,2918129
24,38489372;57,34059588;78,87067021;31,40645899;67,55570698;74,47392763;338,8529207
76,62209557;77,60813626;51,28757832;78,63847448;65,43861243;29,70028617;382,9825147
48,61400639;63,09987052;34,84041895;58,43691101;59,99602874;29,76198463;298,6871932
53,90511875;66,29761466;49,93373987;20,72618701;20,54230814;41,42176064;233,5500033
75,57164411;33,72060678;58,06182133;33,32455224;39,30019938;70,88252538;308,0725153
63,73168654;25,72395664;45,72212126;21,75018582;48,8534088;59,7460407;273,9789795
27,11015742;37,33309633;43,87019753;75,17186148;79,59530093;22,69467794;285,2863198
65,66047541;42,30344398;43,54749117;65,2558984;75,10558593;77,05571567;354,8767121
54,62735516;41,42726956;67,25294515;35,060083;53,84444173;41,51470769;293,2027578
59,39786442;34,42393477;31,49557674;75,0943452;26,10822098;50,35747446;293,9184717
33,25116698;22,3357978;22,1611291;30,51330633;72,00622127;36,94872464;229,6852633
77,02755023;54,89733758;46,19685139;54,80533008;51,00190311;65,52657523;348,8355075
36,94976396;41,1830235;73,64565815;76,78739079;73,55349365;45,16687964;356,8007025
66,82193018;48,580144;49,85239113;32,28080654;55,4678182;31,16815387;280,5061737
39,89388194;71,3018121;32,42454855;24,26949711;24,14045556;76,44707123;251,4385506
50,41522628;44,56472431;68,65271486;70,14955567;39,93146199;61,61708345;326,0861067
66,26736895;59,27904121;29,09570449;72,55298501;52,34567316;36,94834558;332,1180061
45,51369113;22,25426542;27,67200807;65,93280503;20,00069809;44,99394971;223,6274866
51,35061087;23,2780652;78,38468978;33,56751987;38,25192318;38,23655074;260,6355198
33,82499973;20,08842933;63,76068765;78,01072999;33,457609;59,78283151;285,9269052
64,51377962;70,90552275;45,35775182;38,17585434;39,51770804;62,75727999;340,2692624
69,00676799;30,89683807;42,25646049;74,1164118;68,40161118;79,09150417;380,0291829
65,25489558;43,59171206;55,43827004;59,66085525;24,70734898;52,66981755;323,5107018
62,55924971;30,03927824;66,83790305;55,02636683;77,13330714;22,54533789;312,5509908
35,91956825;56,09323276;37,79359473;62,86544984;65,54031695;26,15095784;287,3193653
50,83126785;50,53343334;42,15684621;75,97549175;69,65037919;61,83256291;335,8135558
62,85959814;47,70296863;75,25967127;61,67572564;63,7388637;71,70145423;397,7076259
36,44429536;68,42425423;31,71443618;40,72051713;40,13662726;78,7115281;284,4738628
71,39223342;62,0701917;63,6234057;53,72436766;76,82544003;49,77552517;379,5789193
42,83106259;29,78212022;67,17233914;64,06663592;43,06130231;21,51160484;257,4520397
70,33983966;20,68507901;62,22198678;78,21542658;46,25967969;34,0984043;305,9317478
62,2922606;69,02768852;52,78581896;78,02211652;23,1001233;50,2877359;327,1431195
63,10723684;71,75842827;30,75533671;68,00020891;53,16242454;43,79322092;324,4981036
27,90290171;71,91774553;29,43639249;38,58727155;37,40273192;72,28484205;272,1406582
